Season,MaxRound,Team,GamesPlayed,OffTotPoints,OffTotYards,OffTotPlaysRun,OffTotYardsPerPlay,OffTotTurnovers,OffTotFumbles,OffTot1stDowns,OffPassCompletions,OffPassAttempts,OffPassYards,OffPassTouchdowns,OffPassInterceptions,OffPassNetYardsPerAttempt,OffPass1stDowns,OffRushAttempts,OffRushYards,OffRushTouchdowns,OffRushYardsPerAttempt,OffRush1stDowns,OffNumOfPenalties,OffPenaltyYards,Off1stDownsByPenalty,OffPctOfDrivesEndingInScore,OffPctOfDrivesEndingInTurnover,OffExpectedPointsContributed,DefTotPoints,DefTotYards,DefTotPlaysRun,DefTotYardsPerPlay,DefTotTakeaways,DefTotFumbles,DefTot1stDowns,DefPassCompletions,DefPassAttempts,DefPassYards,DefPassTouchdowns,DefPassInterceptions,DefPassNetYardsPerAttempt,DefPass1stDowns,DefRushAttempts,DefRushYards,DefRushTouchdowns,DefRushYardsPerAttempt,DefRush1stDowns,DefNumOfPenalties,DefPenaltyYards,Def1stDownsByPenalty,DefPctOfDrivesEndingInScore,DefPctOfDrivesEndingInTurnover,DefExpectedPointsContributed,OffTotPointsRank,OffTotYardsRank,OffTotPlaysRunRank,OffTotYardsPerPlayRank,OffTotTurnoversRank,OffTotFumblesRank,OffTot1stDownsRank,OffPassCompletionsRank,OffPassAttemptsRank,OffPassYardsRank,OffPassTouchdownsRank,OffPassInterceptionsRank,OffPassNetYardsPerAttemptRank,OffPass1stDownsRank,OffRushAttemptsRank,OffRushYardsRank,OffRushTouchdownsRank,OffRushYardsPerAttemptRank,OffRush1stDownsRank,OffNumOfPenaltiesRank,OffPenaltyYardsRank,Off1stDownsByPenaltyRank,OffPctOfDrivesEndingInScoreRank,OffPctOfDrivesEndingInTurnoverRank,OffExpectedPointsContributedRank,DefTotPointsRank,DefTotYardsRank,DefTotPlaysRunRank,DefTotYardsPerPlayRank,DefTotTakeawaysRank,DefTotFumblesRank,DefTot1stDownsRank,DefPassCompletionsRank,DefPassAttemptsRank,DefPassYardsRank,DefPassTouchdownsRank,DefPassInterceptionsRank,DefPassNetYardsPerAttemptRank,DefPass1stDownsRank,DefRushAttemptsRank,DefRushYardsRank,DefRushTouchdownsRank,DefRushYardsPerAttemptRank,DefRush1stDownsRank,DefNumOfPenaltiesRank,DefPenaltyYardsRank,Def1stDownsByPenaltyRank,DefPctOfDrivesEndingInScoreRank,DefPctOfDrivesEndingInTurnoverRank,DefExpectedPointsContributedRank,Selection,SelectionCount
2003,3,Carolina Panthers,16,325,5141,1008,5.1,31,15,284,270,460,3050,19,16,6.3,146,522,2091,9,4.0,114,116,966,24,30.8,14.9,-149.93,304,4725,996,4.7,26,10,274,299,522,3003,19,16,5.3,161,434,1722,10,4.0,83,111,1011,30,26.3,12.6,226.48,15,16,17,16,22,26,19,28,28,18,17,13,8,25,3,7,24,17,11,24,23,18,15,21,16,10,8,14,6,18,24,8,16,20,9,14,12,6,11,9,11,7,13,6,23,28,27,6,20,4,304,600.0
2003,1,Green Bay Packers,16,442,5798,999,5.8,32,11,315,310,473,3240,32,21,6.6,166,507,2558,18,5.0,127,88,699,22,38.0,15.6,-49.49,307,5101,1036,4.9,32,11,288,326,589,3400,18,21,5.5,172,413,1701,10,4.1,91,97,767,25,29.6,15.3,217.43,4,4,20,3,25,15,7,15,27,16,1,27,5,15,5,3,5,2,2,3,5,24,5,22,5,11,17,23,10,10,20,14,25,31,23,10,8,10,20,6,10,7,16,10,12,9,16,14,10,6,106,600.0
2003,2,Indianapolis Colts,16,447,5874,1041,5.6,20,10,348,381,569,4179,29,10,7.1,212,453,1695,16,3.7,104,92,662,32,46.3,10.2,-13.96,336,4789,913,5.2,30,15,279,277,445,2809,18,15,5.9,138,437,1980,19,4.5,117,123,1005,24,30.1,14.8,125.64,2,3,7,4,2,11,1,1,5,1,4,3,2,1,13,19,10,26,13,7,2,3,1,3,3,20,11,2,20,12,4,11,5,1,5,10,16,18,2,10,20,28,23,23,28,26,12,16,12,18,218,900.0
2003,4,New England Patriots,16,348,5039,1042,4.8,24,11,294,320,537,3432,23,13,6.0,177,473,1607,9,3.4,91,111,998,26,27.9,11.3,-136.51,238,4666,1060,4.4,41,12,293,328,618,3232,11,29,4.9,177,401,1434,10,3.6,91,107,845,25,23.0,19.5,280.69,12,17,6,21,8,15,16,8,6,9,11,6,13,11,12,27,24,30,23,22,25,14,18,6,15,1,7,29,4,2,15,17,27,32,15,1,1,1,23,4,4,7,6,10,19,16,16,1,2,2,402,1500.0
2003,2,Philadelphia Eagles,16,374,5035,944,5.3,22,11,302,279,484,3020,17,11,5.7,156,417,2015,23,4.8,105,96,817,41,34.2,10.2,-80.82,287,5307,1058,5.0,26,13,306,337,559,3236,17,13,5.4,171,461,2071,13,4.5,116,129,1105,19,27.8,13.4,168.96,11,18,29,10,5,15,13,25,25,20,22,4,20,18,25,9,2,4,12,9,12,1,10,3,8,7,20,28,15,18,9,21,31,28,16,7,26,9,18,21,22,18,23,22,29,32,4,9,17,12,212,300.0
2003,1,Tennessee Titans,16,435,5501,1013,5.4,21,12,310,315,502,3878,30,9,7.4,211,486,1623,11,3.3,84,110,887,15,39.4,9.6,-103.79,324,4901,926,5.3,34,13,275,332,546,3606,20,21,6.2,167,342,1295,10,3.8,79,96,793,29,29.8,16.0,202.69,5,8,15,7,4,19,10,11,22,5,3,2,1,2,9,26,21,31,28,21,17,31,3,2,9,13,12,3,23,8,9,9,29,27,30,17,8,24,16,1,1,7,7,4,10,12,25,15,9,9,109,1200.0
2004,2,Atlanta Falcons,16,340,5084,969,5.2,30,14,284,217,395,2412,15,16,5.4,120,524,2672,20,5.1,133,109,905,31,28.8,15.8,-108.92,337,5207,999,5.2,32,13,310,328,517,3526,19,19,6.2,183,434,1681,20,3.9,107,129,930,20,29.7,16.8,133.45,16,20,24,16,22,25,19,32,31,30,28,15,24,32,5,1,3,1,4,13,15,9,19,23,16,14,14,16,15,11,10,20,24,19,22,11,10,18,23,12,8,29,10,21,31,18,3,16,10,14,214,900.0
2004,1,Indianapolis Colts,16,522,6475,968,6.7,17,7,379,353,527,4623,51,10,8.5,238,427,1852,10,4.3,94,106,801,47,46.3,9.7,113.82,351,5929,1042,5.7,36,17,331,364,557,3892,26,19,6.5,209,440,2037,12,4.6,103,116,877,19,35.4,18.5,50.75,1,2,25,1,2,2,2,6,15,1,1,2,1,1,20,15,22,12,17,10,3,1,1,3,1,19,29,27,27,4,2,29,31,30,28,22,10,23,30,15,24,14,28,20,19,12,2,24,4,23,123,600.0
2004,1,Minnesota Vikings,16,405,6339,985,6.4,21,9,351,380,552,4516,39,12,7.6,225,387,1823,8,4.7,98,117,884,28,38.9,12.0,65.96,395,5902,1018,5.8,22,11,350,338,544,3896,30,11,6.7,220,435,2006,15,4.6,110,110,974,20,41.6,13.3,0.82,6,4,22,2,5,6,4,2,8,2,2,7,2,4,28,18,29,2,14,21,13,15,5,9,3,26,28,22,29,25,20,31,28,27,29,27,28,28,32,13,21,21,28,24,15,24,3,32,20,32,132,300.0
2004,4,New England Patriots,16,437,5722,1035,5.5,27,13,344,293,485,3588,29,14,7.0,193,524,2134,15,4.1,120,101,822,31,42.1,14.6,22.2,260,4972,988,5.0,36,16,290,315,538,3400,18,20,5.8,177,405,1572,9,3.9,83,118,1014,30,24.0,20.0,244.33,4,7,6,10,15,23,6,20,22,11,6,11,7,7,5,7,10,17,7,6,5,9,2,19,4,2,9,13,10,4,3,10,21,26,17,8,7,9,17,5,6,9,10,6,22,29,21,2,1,3,403,600.0
2004,1,New York Jets,16,333,5438,996,5.5,16,5,313,282,438,3050,19,11,6.5,163,527,2388,15,4.5,135,91,693,15,33.3,8.6,-51.69,261,4878,966,5.0,33,14,282,289,497,3312,21,19,6.2,169,432,1566,8,3.6,87,86,720,26,25.3,16.9,180.71,17,12,16,10,1,1,10,25,30,22,21,4,11,20,3,3,10,5,2,2,2,32,10,1,8,4,7,6,10,9,7,8,10,10,14,15,10,18,14,11,5,6,3,8,1,1,13,5,8,8,108,2100.0
2004,3,Philadelphia Eagles,16,386,5618,960,5.9,22,11,301,336,547,3979,32,11,6.8,188,376,1639,10,4.4,87,124,952,26,35.9,10.9,-11.51,260,5115,1039,4.9,28,11,299,334,550,3212,16,17,5.4,165,442,1903,13,4.3,101,119,1001,33,25.1,13.1,158.04,8,9,27,5,7,16,14,8,9,7,4,4,9,10,31,24,22,9,23,28,22,17,8,5,7,2,10,26,7,18,20,13,27,29,12,3,15,3,11,16,16,18,19,17,24,27,26,4,21,12,312,600.0
2004,2,Pittsburgh Steelers,16,372,5184,1012,5.1,21,8,309,228,358,2720,20,13,6.9,147,618,2464,16,4.0,134,99,835,28,35.8,11.7,-95.61,251,4134,882,4.7,32,13,248,269,484,2835,14,19,5.4,146,357,1299,8,3.6,79,104,875,23,25.9,17.2,201.08,11,16,11,20,5,4,11,31,32,28,19,9,8,26,1,2,6,20,3,5,6,15,9,7,13,1,1,1,3,11,10,2,4,5,4,1,10,3,5,2,1,6,3,3,7,11,11,7,7,6,206,300.0
2004,1,St. Louis Rams,16,319,5877,1011,5.8,39,17,321,372,580,4253,23,22,6.8,203,381,1624,11,4.3,96,127,993,22,30.3,20.6,-93.92,392,5353,1006,5.3,15,9,311,292,492,3174,24,6,6.0,172,480,2179,13,4.5,118,109,827,21,37.6,7.7,23.59,19,6,12,7,29,28,8,3,5,5,14,29,9,5,30,25,17,12,16,30,26,26,16,32,12,25,17,18,19,31,26,22,11,9,11,20,32,14,16,23,29,18,24,28,13,6,5,29,31,27,127,900.0
2005,2,Carolina Panthers,16,391,4950,964,5.1,26,10,278,269,449,3271,25,16,6.9,157,487,1679,17,3.4,82,91,732,39,35.8,12.6,-104.34,259,4522,981,4.6,42,19,262,305,528,3057,15,23,5.3,160,408,1465,9,3.6,72,128,1045,30,25.1,19.8,248.44,8,22,23,13,14,10,23,26,28,17,6,19,5,23,10,19,9,30,22,1,2,3,9,11,12,5,3,11,3,2,2,5,17,21,9,3,4,3,10,6,4,5,5,1,25,28,18,4,2,3,203,1200.0
2005,2,Denver Broncos,16,395,5766,1030,5.6,16,9,330,279,465,3227,18,7,6.6,162,542,2539,25,4.7,145,97,756,23,36.0,8.1,-52.48,258,5006,985,5.1,36,16,295,344,613,3643,20,20,5.7,183,344,1363,10,4.0,82,139,989,30,25.0,18.2,173.51,7,5,9,4,1,7,7,23,25,18,21,2,8,20,2,2,3,3,1,4,4,25,8,1,5,3,15,13,19,4,4,17,31,32,29,18,6,11,24,1,2,8,17,8,31,23,18,3,3,9,209,1200.0
2005,1,New England Patriots,16,379,5632,1031,5.5,24,9,334,352,564,4120,28,15,7.0,204,439,1512,16,3.4,101,110,921,29,34.8,13.0,-89.97,338,5283,997,5.3,18,8,306,296,527,3703,25,10,6.6,179,437,1580,11,3.6,94,132,1068,33,33.0,9.3,111.62,10,7,8,6,10,7,6,6,7,2,3,15,4,5,18,24,11,30,11,14,18,15,10,14,9,17,26,14,25,31,30,22,11,20,31,28,27,30,21,15,8,12,5,18,28,31,25,22,31,23,123,600.0
2005,4,Pittsburgh Steelers,16,389,5149,960,5.4,23,9,297,228,379,2926,21,14,7.1,144,549,2223,21,4.0,120,99,876,33,36.1,10.9,-59.51,258,4544,998,4.6,30,15,275,315,549,3168,15,15,5.3,179,402,1376,10,3.4,75,120,1031,21,27.1,14.9,268.34,9,15,24,9,7,7,17,30,32,24,14,11,2,28,1,5,5,13,5,7,12,9,7,5,6,3,4,15,3,12,6,9,21,24,16,3,20,3,21,5,3,8,1,3,20,27,6,8,13,2,402,1500.0
2005,3,Seattle Seahawks,16,452,5915,1020,5.8,17,7,361,307,474,3458,25,10,6.9,192,519,2457,29,4.7,142,94,846,27,38.9,8.1,48.65,271,5069,1041,4.9,27,11,295,331,571,3559,18,16,5.7,194,420,1510,5,3.6,78,123,909,23,30.5,12.8,195.29,1,2,17,2,2,2,2,15,23,13,6,3,5,7,7,3,1,3,2,2,9,17,4,1,2,7,16,28,10,19,19,17,28,29,25,11,16,11,31,10,5,2,5,5,22,14,7,16,20,7,307,300.0
2005,1,Washington Redskins,16,359,5289,1037,5.1,27,16,301,278,481,3106,25,11,6.1,166,525,2183,15,4.2,114,108,925,21,29.7,13.0,-118.86,293,4767,981,4.9,28,12,258,291,535,3081,15,16,5.4,158,411,1686,15,4.1,74,105,879,26,26.5,13.8,194.98,13,11,7,13,16,29,15,24,22,21,6,5,13,18,4,7,12,10,8,12,19,29,16,14,14,9,9,11,10,16,15,3,8,23,10,3,16,5,8,7,13,21,20,2,8,12,10,5,16,8,108,2100.0
2006,3,Chicago Bears,16,427,5199,1042,5.0,36,14,300,282,514,3281,24,22,6.1,161,503,1918,14,3.8,103,112,923,36,34.8,15.9,-133.82,255,4706,1023,4.6,44,20,258,328,581,3116,18,24,5.0,159,402,1590,7,4.0,77,132,1084,22,20.6,19.6,290.05,2,15,6,21,28,22,14,23,17,14,9,28,13,18,5,15,12,23,15,27,25,1,8,25,18,3,5,24,3,1,1,2,25,31,11,10,2,1,8,5,6,2,12,6,32,32,13,2,2,2,302,600.0
2006,4,Indianapolis Colts,16,427,6070,1011,6.0,19,10,376,362,557,4308,31,9,7.5,241,439,1762,17,4.0,112,86,718,23,47.4,10.9,26.73,360,5316,959,5.5,26,11,325,266,415,2548,16,15,5.8,150,519,2768,20,5.3,150,86,667,25,38.5,16.7,93.05,2,3,14,2,4,12,1,4,6,2,1,3,1,1,18,18,6,16,7,7,11,17,1,4,1,23,21,4,27,22,19,28,2,2,2,5,20,13,5,31,32,30,32,32,7,4,18,30,6,24,424,300.0
2006,2,New England Patriots,16,385,5369,1055,5.1,27,15,330,326,527,3400,25,12,6.1,181,499,1969,20,3.9,121,98,940,28,34.4,13.8,-76.38,237,4710,950,5.0,35,13,264,294,518,3203,10,22,5.7,164,388,1507,11,3.9,67,102,918,33,23.6,18.7,169.09,7,11,4,16,16,26,4,11,12,12,7,6,13,12,6,12,4,20,5,20,30,6,9,17,8,2,6,3,10,4,11,5,11,19,12,1,4,11,10,4,5,9,8,3,26,30,30,4,3,9,209,1200.0
2006,2,New Orleans Saints,16,413,6264,1075,5.8,23,10,330,372,580,4503,27,13,7.5,207,472,1761,19,3.7,99,79,597,24,36.8,12.1,-100.41,322,4917,930,5.3,19,8,262,267,474,2854,26,11,5.6,148,418,2063,10,4.9,96,89,674,18,26.5,9.0,108.74,5,1,2,3,7,12,4,1,5,1,4,9,1,4,12,19,5,26,18,6,4,15,5,9,14,13,11,1,19,31,28,4,4,4,3,30,29,10,3,7,23,7,30,11,10,5,5,5,31,20,220,600.0
2006,1,Philadelphia Eagles,16,398,6103,988,6.2,24,15,312,323,544,4119,31,9,7.2,189,416,1984,13,4.8,106,112,983,17,33.9,11.5,-32.03,328,5249,1054,5.0,29,10,314,309,525,3067,17,19,5.4,154,489,2182,12,4.5,126,96,795,34,30.1,15.1,172.08,6,2,22,1,9,26,9,13,8,3,1,3,3,8,27,11,15,5,11,27,32,29,10,7,3,15,15,30,10,13,22,25,17,23,9,7,8,4,7,25,26,12,24,31,18,18,32,13,11,7,107,300.0
2006,1,Seattle Seahawks,16,335,4977,1045,4.8,34,12,312,292,512,3054,26,22,5.4,167,484,1923,8,4.0,112,94,700,33,29.9,17.3,-202.3,341,5285,986,5.4,26,14,277,299,504,3256,23,12,6.0,160,441,2029,12,4.6,102,118,950,15,29.6,11.7,132.95,14,19,5,26,27,17,9,21,18,20,5,28,25,16,10,14,27,16,7,16,9,2,21,28,28,19,19,12,23,22,8,11,13,10,16,24,26,16,9,10,22,12,27,15,31,31,3,12,27,14,114,600.0
2007,2,Green Bay Packers,16,435,5931,985,6.0,24,9,307,383,578,4334,30,15,7.3,210,388,1597,13,4.1,69,113,1006,28,38.9,12.1,-41.4,291,5013,994,5.0,28,9,297,295,534,3366,23,19,5.9,176,424,1647,6,3.9,77,118,908,44,29.1,13.2,142.62,4,2,23,2,9,9,12,3,6,2,6,12,3,7,28,21,14,12,29,29,31,3,5,8,7,6,11,15,10,17,25,15,8,13,12,18,7,11,14,15,14,1,11,4,31,32,32,9,19,9,209,1200.0
2007,1,Jacksonville Jaguars,16,411,5719,1022,5.6,21,13,328,288,469,3328,28,8,6.7,180,522,2391,18,4.6,127,76,594,21,39.6,10.1,-1.73,304,5021,970,5.2,30,10,286,319,543,3416,20,20,5.9,181,390,1605,12,4.1,92,82,636,13,29.2,17.0,125.81,6,7,11,6,4,20,4,24,27,17,9,1,7,16,2,2,4,4,2,5,5,16,4,3,4,10,12,6,18,12,21,9,14,20,15,12,4,11,16,6,11,18,18,15,7,8,3,10,6,17,117,300.0
2007,3,New England Patriots,16,589,6580,1058,6.2,15,6,393,403,586,4731,50,9,7.8,243,451,1849,17,4.1,124,78,690,26,52.7,7.8,133.73,274,4613,933,4.9,31,12,278,314,526,3041,23,19,5.3,172,360,1572,7,4.4,91,96,764,15,24.0,16.6,125.67,1,1,2,1,1,3,1,2,5,1,1,3,1,1,9,13,5,12,3,7,16,7,1,1,1,4,4,1,6,9,14,6,12,12,6,18,7,4,10,1,10,4,27,14,24,25,7,2,7,18,318,300.0
2007,4,New York Giants,16,373,5302,1041,5.1,34,14,321,302,544,3154,23,20,5.5,167,469,2148,15,4.6,119,77,652,35,32.3,17.5,-163.79,351,4880,984,5.0,25,10,288,306,523,3317,24,15,5.8,185,408,1563,12,3.8,83,118,874,20,29.5,12.4,126.48,14,16,7,19,24,24,8,23,17,21,14,25,23,23,8,4,8,4,4,6,12,1,16,27,19,17,7,13,10,23,21,11,10,9,11,20,21,10,19,10,8,18,6,9,31,28,15,11,24,16,416,300.0
2007,2,San Diego Chargers,16,412,5044,980,5.1,24,8,278,281,471,3005,22,16,6.1,158,485,2039,19,4.2,104,94,761,16,34.0,12.6,-114.6,284,5124,1013,5.1,48,18,297,338,555,3412,20,30,5.7,185,416,1712,11,4.1,89,86,665,23,23.8,22.7,172.48,5,20,24,19,9,6,25,28,26,26,15,15,16,27,7,7,2,8,12,18,21,24,11,10,14,5,14,20,14,1,2,15,20,23,14,12,1,8,19,12,16,14,18,11,12,10,21,1,1,3,203,1200.0
2007,1,Seattle Seahawks,16,393,5583,1056,5.3,24,11,323,371,590,3964,30,13,6.3,211,430,1619,9,3.8,93,59,428,19,33.2,11.4,-107.06,291,5149,1035,5.0,34,14,278,333,568,3505,15,20,5.7,183,422,1644,16,3.9,78,99,756,17,25.5,15.9,186.62,9,9,3,16,9,13,5,5,2,8,6,5,14,6,17,20,23,24,19,1,1,20,12,5,13,6,15,25,10,6,11,6,17,25,19,1,4,8,17,14,12,27,11,5,25,22,11,5,11,1,101,600.0
2008,3,Arizona Cardinals,16,427,5852,998,5.9,30,15,328,418,630,4674,31,15,7.1,231,340,1178,14,3.5,72,107,781,25,39.3,15.7,-42.91,426,5304,993,5.3,30,17,312,323,517,3540,36,13,6.5,172,445,1764,13,4.0,117,98,816,23,38.7,15.5,67.05,3,4,15,6,25,30,6,1,2,2,3,18,6,2,32,32,18,31,31,28,22,6,7,25,8,28,19,16,16,6,1,22,20,16,22,32,18,24,19,19,16,13,12,24,25,27,23,25,7,22,322,300.0
2008,2,Baltimore Ravens,16,385,5184,1058,4.9,21,9,300,261,433,2808,16,12,6.0,147,592,2376,20,4.0,132,103,785,21,33.0,10.8,-196.15,244,4177,928,4.5,34,8,228,276,528,2875,17,26,5.1,152,366,1302,4,3.6,58,114,792,18,21.5,17.4,339.23,11,18,2,24,9,11,14,29,30,28,22,10,18,25,1,4,6,23,2,26,23,13,19,9,27,3,2,3,3,1,22,1,2,21,2,7,1,2,4,1,3,1,5,1,32,25,11,1,2,1,201,1500.0
2008,2,Philadelphia Eagles,16,416,5608,1056,5.3,26,10,318,362,606,3911,23,16,6.2,204,427,1697,15,4.0,94,74,635,20,35.5,11.5,-106.76,289,4389,994,4.4,29,14,248,284,525,2913,19,15,5.1,144,421,1476,7,3.5,79,81,598,25,25.3,13.6,297.87,6,9,3,14,18,15,8,6,4,6,9,21,12,6,17,22,15,23,22,4,9,16,13,12,18,4,3,17,2,10,6,3,5,19,3,11,12,2,2,13,4,2,4,6,9,4,25,4,13,3,203,1200.0
2008,4,Pittsburgh Steelers,16,347,4991,1015,4.9,25,10,290,303,506,3301,19,15,5.9,179,460,1690,16,3.7,93,95,812,18,32.6,12.6,-199.86,223,3795,974,3.9,29,9,240,301,533,2511,12,20,4.3,149,390,1284,7,3.3,73,91,801,18,22.9,14.4,308.95,20,22,10,24,15,15,20,20,20,17,18,18,21,14,9,23,12,29,24,20,25,22,21,16,28,1,1,11,1,10,18,2,14,23,1,2,6,1,3,5,2,2,1,3,20,26,11,2,10,2,402,1500.0
2008,1,San Diego Chargers,16,439,5584,924,6.0,20,9,301,312,478,3858,34,11,7.7,191,421,1726,13,4.1,92,95,748,18,43.5,10.6,37.86,347,5599,1041,5.4,24,9,339,411,605,3958,25,15,6.3,213,408,1641,11,4.0,98,78,708,28,35.5,13.0,100.3,2,11,29,4,7,11,13,15,25,7,1,6,1,7,20,20,20,19,25,20,21,22,3,8,3,15,25,28,20,18,18,30,32,31,31,28,12,19,32,10,11,9,12,15,4,17,28,19,14,16,116,600.0
2009,1,Arizona Cardinals,16,375,5510,985,5.6,36,18,317,392,594,4016,27,18,6.5,215,365,1494,16,4.1,77,108,886,25,30.7,17.1,-116.0,325,5543,1038,5.3,29,8,289,346,593,3739,22,21,5.9,188,402,1804,13,4.5,81,104,840,20,27.6,13.8,87.97,11,14,22,13,31,32,14,3,3,12,11,21,12,6,32,28,12,21,28,26,27,13,18,30,18,14,20,24,17,10,27,10,26,31,23,15,7,11,24,8,17,17,26,8,23,23,10,8,16,18,118,900.0
2009,1,Baltimore Ravens,16,391,5619,1014,5.5,22,9,320,321,510,3419,21,13,6.3,187,468,2200,22,4.7,115,115,1094,18,35.0,10.9,-66.23,261,4808,991,4.9,32,10,280,306,524,3316,17,22,6.0,164,435,1492,8,3.4,82,88,741,34,26.3,16.7,209.19,9,13,16,14,5,8,13,19,25,18,17,9,13,15,7,5,1,4,5,29,32,24,11,7,11,3,3,13,3,7,21,7,11,14,8,7,5,16,5,18,5,6,1,10,11,13,29,5,5,3,103,1200.0
2009,1,Dallas Cowboys,16,361,6390,1020,6.3,19,10,335,347,550,4287,26,9,7.3,203,436,2103,14,4.8,110,115,892,22,33.5,9.5,-32.87,250,5054,979,5.2,21,10,286,344,572,3606,19,11,5.9,186,365,1448,7,4.0,74,93,768,26,24.3,11.6,106.38,14,2,13,1,4,13,6,10,13,6,13,3,5,9,17,7,16,2,9,29,28,17,14,4,8,2,9,10,13,27,21,9,23,26,20,11,27,11,22,2,4,4,9,4,16,17,25,2,24,15,115,600.0
2009,3,Indianapolis Colts,16,416,5809,980,5.9,24,5,339,402,601,4515,34,19,7.4,241,366,1294,16,3.5,69,74,546,29,37.9,13.2,43.68,307,5427,1084,5.0,26,10,320,372,583,3403,19,16,5.5,203,467,2024,10,4.3,106,92,889,11,33.0,14.0,126.71,7,9,23,5,10,1,5,1,2,2,2,24,4,1,31,32,12,30,32,2,2,6,7,14,3,8,18,31,7,18,21,27,30,30,14,11,15,4,29,25,24,8,17,23,14,24,1,18,14,13,313,300.0
2009,2,Minnesota Vikings,16,470,6074,1054,5.8,18,11,343,377,553,4156,34,7,7.1,220,467,1918,19,4.1,99,101,757,24,42.0,9.0,7.01,312,4888,940,5.2,24,13,271,341,535,3494,26,11,6.0,183,357,1394,5,3.9,63,109,902,25,28.2,11.7,130.41,2,5,3,10,3,19,3,6,11,8,2,1,7,5,9,13,7,21,15,24,13,15,2,2,5,10,6,1,13,22,9,2,21,18,19,23,27,16,19,1,2,1,6,1,28,26,23,9,23,11,211,600.0
2009,4,New Orleans Saints,16,510,6461,1032,6.3,28,16,348,378,544,4355,34,12,7.7,215,468,2106,21,4.5,115,89,787,18,41.6,13.5,60.76,341,5724,1044,5.5,39,13,310,330,574,3769,15,26,6.2,175,435,1955,19,4.5,111,86,717,24,31.4,18.0,178.25,1,1,9,1,17,29,2,5,15,4,2,6,2,6,7,6,3,6,5,13,17,24,3,16,2,20,25,27,20,2,9,22,19,27,26,5,3,19,10,18,21,28,26,25,7,8,18,15,3,6,406,600.0
2009,2,New York Jets,16,348,5136,1030,5.0,30,9,280,210,393,2380,12,21,5.6,131,607,2756,21,4.5,132,88,677,17,31.8,15.2,-176.01,236,4037,953,4.2,31,14,237,259,501,2459,8,17,4.6,128,420,1578,11,3.8,87,87,680,22,20.3,14.4,262.87,17,20,11,22,20,8,23,32,32,31,29,28,21,29,1,1,3,6,1,11,7,27,16,22,24,1,1,4,1,8,4,1,1,7,1,1,13,1,1,11,8,12,4,12,9,6,14,1,10,1,201,1500.0
2010,1,Baltimore Ravens,16,357,5166,1018,5.1,20,10,303,308,491,3335,25,10,6.3,175,487,1831,11,3.8,97,90,673,31,32.8,9.5,-79.88,270,5102,1007,5.1,27,8,284,349,596,3599,22,19,5.8,187,384,1503,5,3.9,79,117,984,18,29.2,13.5,197.21,16,22,17,22,7,14,18,18,24,20,15,6,13,17,6,14,19,26,13,12,6,3,15,6,12,3,10,18,9,15,26,10,23,30,21,10,9,7,20,3,5,1,8,4,30,28,11,10,13,3,103,1200.0
2010,2,Chicago Bears,16,334,4631,936,4.9,31,10,263,276,466,3015,23,21,5.8,163,414,1616,10,3.9,76,91,768,24,29.3,15.7,-227.26,286,5029,1002,5.0,35,14,282,363,582,3588,14,21,5.8,183,386,1441,14,3.7,88,93,790,11,25.0,17.9,168.17,21,30,29,28,23,14,26,29,32,28,20,27,25,23,21,22,22,23,29,16,14,12,24,22,31,4,9,16,4,3,5,9,27,27,20,2,5,7,15,4,2,21,5,12,14,18,1,1,3,7,207,300.0
2010,4,Green Bay Packers,16,388,5730,1000,5.7,22,9,312,352,541,4124,31,13,7.1,204,421,1606,11,3.8,88,78,617,20,35.0,10.9,-45.71,240,4945,969,5.1,32,8,270,296,527,3107,16,24,5.4,163,395,1838,6,4.7,82,98,758,25,25.3,16.5,199.39,10,9,20,6,10,10,13,10,16,5,4,10,3,6,20,24,19,26,18,3,3,23,9,10,8,2,5,6,9,6,26,4,6,13,5,4,2,3,5,6,18,3,29,5,20,13,20,2,6,2,402,1500.0
2010,2,New York Jets,16,367,5616,1087,5.2,21,7,307,288,525,3242,20,14,5.9,171,534,2374,14,4.4,118,103,934,18,32.2,10.6,-122.93,304,4664,979,4.8,30,18,272,269,531,3210,24,12,5.6,169,408,1454,11,3.6,70,74,679,33,26.4,13.9,182.51,13,11,3,19,8,5,15,25,18,22,23,12,21,20,2,4,10,8,4,24,27,28,17,9,19,6,3,11,3,9,2,5,2,15,6,19,26,4,7,10,3,13,3,2,1,4,27,6,12,4,204,300.0
2010,3,Pittsburgh Steelers,16,375,5525,993,5.6,18,9,295,298,479,3601,22,9,6.9,175,471,1924,15,4.1,106,100,903,14,36.9,9.5,-133.72,232,4429,974,4.5,35,14,272,363,593,3425,15,21,5.3,182,333,1004,5,3.0,61,86,716,29,25.7,17.3,216.3,12,14,21,9,4,10,20,21,27,14,21,4,5,17,8,11,8,17,10,20,24,32,8,6,22,1,2,7,1,3,5,5,27,29,12,3,5,1,14,1,1,1,1,1,9,8,24,3,4,1,301,300.0
2010,1,Seattle Seahawks,16,310,4765,964,4.9,31,11,260,324,544,3341,14,20,5.8,159,385,1424,13,3.7,81,101,890,20,26.5,14.8,-197.05,407,5897,1074,5.5,22,10,313,339,585,3994,31,12,6.4,206,452,1903,13,4.2,91,91,706,16,35.9,9.9,60.14,23,28,24,28,23,18,28,17,14,19,28,23,25,26,29,31,14,30,26,22,23,23,27,20,28,25,27,30,23,26,18,20,21,28,27,29,26,24,28,25,21,18,14,15,13,7,7,24,28,27,127,900.0
2011,2,Baltimore Ravens,16,378,5419,1036,5.2,24,12,312,314,544,3423,21,12,5.9,181,459,1996,15,4.3,98,92,742,33,35.5,11.8,-72.94,266,4622,1002,4.6,26,11,269,288,535,3140,11,15,5.4,166,419,1482,10,3.5,79,103,1032,24,26.6,13.8,240.19,12,15,7,18,16,24,15,17,18,19,15,6,20,14,8,10,10,13,13,9,4,5,11,16,12,3,3,13,2,14,10,4,5,15,4,1,18,3,4,13,2,10,1,6,19,32,12,3,12,1,201,1500.0
2011,1,Denver Broncos,16,309,5066,1017,5.0,30,17,286,217,429,2434,20,13,5.2,130,546,2632,11,4.8,129,101,843,27,24.5,14.2,-154.77,390,5725,1063,5.4,18,9,315,333,534,3704,24,9,6.4,182,488,2021,11,4.1,101,99,845,32,33.0,7.8,68.03,25,23,14,24,26,32,20,32,32,31,20,9,29,31,1,1,19,6,4,16,13,19,27,22,23,24,20,27,15,28,21,19,18,14,18,17,29,20,14,27,22,16,12,20,15,14,25,18,32,20,120,300.0
2011,1,Houston Texans,16,381,5954,1046,5.7,20,11,321,288,467,3506,20,9,7.0,176,546,2448,18,4.5,131,99,852,14,37.2,10.5,-63.12,278,4571,960,4.8,27,10,270,279,538,3035,18,17,5.2,166,378,1536,8,4.1,73,88,686,31,29.8,13.8,206.3,10,13,6,12,6,22,13,26,30,18,20,3,8,17,1,2,4,7,3,14,17,32,10,6,11,4,2,2,3,12,16,5,4,16,3,6,14,2,4,4,4,4,12,2,4,2,24,10,12,3,103,1200.0
2011,3,New England Patriots,16,513,6848,1082,6.3,17,5,399,402,612,5084,39,12,7.9,262,438,1764,18,4.0,107,87,815,30,47.2,8.3,99.08,342,6577,1064,6.2,34,11,370,386,619,4703,26,23,7.1,245,405,1874,13,4.6,101,115,907,24,32.6,17.1,84.78,3,2,2,3,3,2,2,3,3,2,4,6,2,2,17,20,4,23,8,6,11,13,3,3,2,15,31,28,29,3,10,32,31,29,31,22,2,29,31,9,17,19,24,20,27,20,12,16,3,16,316,300.0
2011,1,New Orleans Saints,16,547,7474,1117,6.7,19,5,416,472,662,5347,46,14,7.8,280,431,2127,16,4.9,116,99,851,20,51.4,10.9,165.64,339,5895,1010,5.8,16,7,326,362,626,4157,24,9,6.3,196,351,1738,11,5.0,92,109,912,38,34.1,8.8,13.66,2,1,1,1,4,2,1,1,2,1,2,14,3,1,20,6,8,4,6,14,16,28,1,9,1,13,24,17,26,31,26,22,26,30,30,17,29,16,23,1,12,16,30,13,22,22,28,22,29,27,127,900.0
2011,4,New York Giants,16,394,6161,1028,6.0,24,8,331,359,589,4734,29,16,7.7,216,411,1427,17,3.5,84,94,795,31,32.5,11.5,-45.79,400,6022,1072,5.6,31,11,338,361,589,4082,28,20,6.4,210,435,1940,15,4.5,103,110,933,25,34.7,14.8,57.49,9,8,11,7,16,12,10,9,6,5,6,19,4,8,22,32,6,32,24,11,9,11,16,13,10,25,27,30,21,7,10,26,25,24,29,25,7,20,29,16,19,24,22,23,23,23,15,23,7,21,421,300.0
2011,2,San Francisco 49ers,16,380,4974,993,5.0,10,5,282,277,451,2930,18,5,5.9,150,498,2044,14,4.1,101,113,1014,31,39.6,5.2,-152.56,229,4931,974,5.1,38,15,267,333,579,3695,20,23,6.0,190,353,1236,3,3.5,53,98,867,24,23.3,18.7,165.23,11,26,24,24,1,2,23,29,31,29,24,1,20,30,3,8,13,19,10,26,29,11,5,1,22,2,4,7,7,1,1,2,18,23,16,8,2,10,19,2,1,1,1,1,13,15,12,1,2,5,205,600.0
2012,2,Atlanta Falcons,16,419,5906,1021,5.8,18,4,343,422,615,4509,32,14,7.0,247,378,1397,12,3.7,70,55,415,26,44.0,10.3,-18.12,299,5849,991,5.9,31,11,298,337,551,3878,14,20,6.7,189,411,1971,16,4.8,99,83,641,10,31.7,17.2,40.76,7,8,14,7,7,1,6,4,8,6,5,13,5,4,26,29,15,28,29,1,1,18,2,8,11,5,24,5,27,6,15,9,14,14,23,1,5,22,16,10,21,24,29,17,4,1,1,13,3,22,222,300.0
2012,4,Baltimore Ravens,16,398,5640,1042,5.4,16,5,314,334,560,3739,22,11,6.3,182,444,1901,17,4.3,98,121,1127,34,35.8,7.8,22.03,344,5615,1086,5.2,25,12,326,335,557,3650,15,13,6.1,187,492,1965,15,4.0,105,107,929,34,34.9,12.0,132.17,10,16,9,16,3,3,15,16,15,15,19,6,15,18,12,11,7,12,16,31,32,9,13,2,5,12,17,28,11,14,10,21,13,16,17,2,19,15,15,29,20,23,8,23,24,24,27,19,16,7,407,300.0
2012,1,Green Bay Packers,16,433,5751,1042,5.5,16,8,341,374,558,4049,40,8,6.6,213,433,1702,9,3.9,85,103,923,43,37.6,8.1,25.77,336,5388,1033,5.2,23,5,308,313,568,3492,24,18,5.7,191,418,1896,12,4.5,83,123,1055,34,33.2,11.8,81.27,5,13,9,14,3,11,8,8,16,9,2,2,12,7,16,20,25,22,20,19,23,1,9,4,4,11,11,20,11,19,29,14,8,22,11,16,9,7,18,13,17,16,25,9,30,31,27,16,19,15,115,600.0
2012,1,Houston Texans,16,416,5953,1090,5.5,17,4,341,354,554,3830,22,13,6.6,205,508,2123,19,4.2,114,108,873,22,35.6,8.4,-20.08,331,5172,1015,5.1,29,14,292,308,581,3612,29,15,5.8,167,390,1560,5,4.0,94,90,863,31,28.0,14.5,124.55,8,7,4,14,6,1,8,10,18,11,19,10,12,9,4,8,4,15,7,24,20,28,14,6,12,9,7,13,7,9,5,6,7,24,16,26,14,8,3,5,7,1,8,13,9,19,20,6,8,8,108,2100.0
2012,2,New England Patriots,16,557,6846,1191,5.7,16,7,444,402,641,4662,34,9,7.0,256,523,2184,25,4.2,151,97,840,37,48.1,8.1,118.97,331,5972,1046,5.7,41,21,340,369,594,4342,27,20,6.9,207,415,1630,10,3.9,100,101,932,33,30.1,20.4,83.26,1,1,1,10,3,8,1,5,4,4,4,4,5,3,2,7,1,15,1,9,14,4,1,4,1,9,25,25,23,2,1,25,25,26,29,21,5,27,26,11,9,9,6,19,17,25,24,8,2,14,214,900.0
2012,3,San Francisco 49ers,16,397,5789,969,6.0,16,8,322,289,436,3298,23,8,6.9,172,492,2491,17,5.1,128,109,960,22,39.3,7.9,-15.31,273,4710,1012,4.7,25,11,284,337,567,3203,19,14,5.3,178,407,1507,7,3.7,72,93,758,34,26.7,12.8,114.89,11,11,30,3,3,11,14,27,31,23,16,2,7,21,7,4,7,3,4,26,28,28,6,3,9,2,3,11,3,14,15,2,14,21,4,8,17,2,7,9,4,4,3,1,11,8,27,2,13,9,309,300.0
2012,1,Seattle Seahawks,16,412,5610,974,5.8,18,8,311,259,405,3031,27,10,6.9,153,536,2579,16,4.8,129,110,890,29,39.4,10.0,9.07,245,4899,968,5.1,31,13,295,327,564,3250,15,18,5.4,186,368,1649,8,4.5,80,102,902,29,27.2,16.0,133.75,9,17,29,7,7,11,16,32,32,27,9,5,7,31,1,3,9,5,3,27,21,14,5,7,6,1,4,2,7,6,7,8,11,19,6,2,9,4,13,2,10,5,25,7,20,22,14,5,6,6,106,600.0
2013,3,Denver Broncos,16,606,7317,1156,6.3,26,16,435,461,675,5444,55,10,7.8,293,461,1873,16,4.1,107,117,1000,35,47.5,10.4,277.21,399,5696,1074,5.3,26,9,339,357,613,4070,29,17,6.2,208,420,1626,15,3.9,90,97,807,41,32.5,12.6,-54.32,1,1,1,1,17,32,1,1,2,1,1,5,1,1,11,15,8,18,10,29,27,10,1,11,1,22,19,23,16,16,21,27,22,27,27,23,13,15,27,8,7,23,9,13,15,13,30,14,18,21,321,600.0
2013,1,Indianapolis Colts,16,391,5468,1023,5.3,14,4,318,350,582,3725,23,10,6.1,191,409,1743,15,4.3,88,66,576,39,38.8,6.9,98.0,336,5713,1026,5.6,27,12,319,324,536,3711,21,15,6.4,191,448,2002,14,4.5,101,112,990,27,31.7,13.7,-82.63,14,15,18,17,1,1,16,18,15,17,19,5,15,18,23,20,11,12,20,1,1,4,9,1,7,9,20,14,23,15,7,14,7,8,13,8,18,19,14,23,26,20,25,20,30,29,12,12,11,24,124,600.0
2013,2,New England Patriots,16,444,6152,1138,5.4,20,9,378,380,628,4087,25,11,6.1,225,470,2065,19,4.4,110,69,625,43,40.8,10.0,100.43,338,5969,1118,5.3,29,12,338,336,589,3824,25,17,6.0,208,481,2145,11,4.5,110,110,951,20,29.6,13.3,-42.78,3,7,2,12,8,12,2,4,7,10,13,8,15,5,9,9,2,10,8,2,3,1,4,10,6,10,26,30,16,11,7,26,11,23,18,16,13,11,27,29,30,12,25,27,27,26,1,7,13,20,220,600.0
2013,1,New Orleans Saints,16,414,6391,1079,5.9,19,7,359,446,651,4918,39,12,7.1,244,391,1473,10,3.8,87,95,817,28,40.3,8.3,169.86,304,4891,943,5.2,19,7,274,304,507,3105,20,12,5.6,168,387,1786,11,4.6,82,91,750,24,30.4,10.5,-15.21,10,4,9,5,5,6,4,2,4,2,2,11,4,2,26,25,23,25,21,12,16,17,6,2,3,4,4,1,12,29,26,1,2,2,2,6,24,7,3,6,19,12,28,8,8,9,8,8,24,13,113,600.0
2013,1,San Diego Chargers,16,396,6293,1060,5.9,21,10,373,378,544,4328,32,11,7.5,230,486,1965,9,4.0,104,95,765,39,44.9,11.4,186.29,348,5864,959,6.1,17,6,327,364,548,4139,23,11,7.1,208,376,1725,14,4.6,98,100,850,21,36.1,9.6,-120.17,12,5,12,5,11,20,3,6,22,4,6,8,2,3,6,13,25,22,14,12,9,4,2,13,2,11,23,2,30,30,29,18,26,12,29,12,27,31,27,3,12,20,28,15,18,16,3,22,28,30,130,300.0
2013,2,San Francisco 49ers,16,406,5180,961,5.4,18,10,286,244,417,2979,21,8,6.5,148,505,2201,18,4.4,115,103,845,23,37.8,9.0,58.16,272,5071,1020,5.0,30,12,284,345,585,3536,19,18,5.7,181,397,1535,11,3.9,77,96,878,26,26.2,13.1,67.25,11,24,31,12,2,20,25,32,32,30,23,1,10,32,3,3,4,10,5,21,18,26,10,3,12,3,5,11,8,7,7,6,17,21,7,5,10,9,9,7,4,12,9,6,14,20,10,2,15,3,203,1200.0
2013,4,Seattle Seahawks,16,417,5424,973,5.6,19,10,307,267,420,3236,27,9,7.0,160,509,2188,14,4.3,116,128,1183,31,40.7,9.3,60.55,231,4378,990,4.4,39,11,282,309,524,2752,16,28,4.8,156,422,1626,4,3.9,83,98,879,43,24.7,19.4,129.49,8,17,29,9,5,20,20,30,31,26,10,3,5,28,2,4,14,12,4,32,32,14,5,6,11,1,1,6,1,1,12,4,3,7,1,2,1,1,1,10,7,1,9,9,16,21,31,1,1,1,401,600.0
2014,1,Baltimore Ravens,16,409,5838,1021,5.7,20,8,345,344,554,3819,27,12,6.7,194,448,2019,16,4.5,113,111,870,38,39.6,9.9,135.24,302,5391,1034,5.2,22,11,311,382,595,3979,22,11,6.2,205,390,1412,8,3.6,75,110,1007,31,33.3,11.7,-18.91,8,12,14,9,7,10,10,17,17,13,13,10,10,15,11,8,6,7,4,18,15,4,7,8,8,6,8,22,7,22,12,14,29,29,23,8,25,13,23,5,4,6,3,5,24,28,14,17,22,12,112,300.0
2014,1,Carolina Panthers,16,339,5547,1060,5.2,23,11,347,327,545,3511,23,12,6.0,199,473,2036,10,4.3,117,83,756,31,34.8,11.8,44.08,374,5437,999,5.4,26,12,309,364,562,3645,25,14,6.1,193,397,1792,14,4.5,91,97,760,25,34.1,14.0,-38.36,19,16,9,22,15,21,9,19,19,19,15,10,21,14,8,7,22,13,3,4,6,17,14,16,15,21,10,9,16,11,7,10,23,20,11,15,15,10,12,9,16,22,28,17,6,5,5,18,8,16,116,600.0
2014,1,Dallas Cowboys,16,467,6138,1014,6.1,25,14,342,328,476,3784,37,11,7.5,205,508,2354,16,4.6,106,105,839,31,43.6,12.8,174.23,352,5681,978,5.8,31,13,315,371,558,4031,22,18,6.9,195,392,1650,18,4.2,86,104,861,34,31.3,16.8,-69.98,5,7,18,3,20,29,11,18,31,16,4,7,2,13,3,2,6,4,8,14,12,17,3,21,2,15,19,5,25,2,5,17,28,18,26,8,8,27,17,6,8,31,16,11,14,14,21,9,1,24,124,600.0
2014,2,Green Bay Packers,16,486,6178,1001,6.2,13,7,356,349,536,4261,38,6,7.5,222,435,1917,14,4.4,104,92,775,30,46.7,7.1,172.28,348,5542,1054,5.3,27,9,339,333,564,3623,26,18,6.0,196,449,1919,11,4.3,116,104,945,27,33.1,14.9,-33.95,1,6,24,1,1,7,7,16,20,8,3,1,2,8,14,11,11,11,9,7,7,19,1,2,3,13,15,25,11,8,19,27,7,22,10,18,8,8,19,23,23,15,21,30,14,25,8,16,4,15,215,600.0
2014,2,Indianapolis Colts,16,458,6506,1105,5.9,31,15,371,410,661,4894,42,16,7.1,251,415,1612,9,3.9,80,105,848,40,39.5,14.6,83.73,369,5483,1007,5.4,26,14,309,320,543,3669,27,12,6.3,175,423,1814,14,4.3,103,101,866,31,28.1,12.6,-12.0,6,3,2,6,29,31,3,4,1,1,1,21,5,2,17,22,24,23,23,14,14,3,8,27,9,19,11,11,16,11,3,10,3,11,12,20,22,17,3,16,18,22,21,22,11,15,14,4,18,10,210,600.0
2014,4,New England Patriots,16,468,5848,1073,5.5,13,4,361,392,609,4121,34,9,6.5,228,438,1727,13,3.9,96,120,1080,37,45.3,7.2,181.12,313,5506,1033,5.3,25,9,329,342,574,3837,24,16,6.2,196,419,1669,6,4.0,88,92,752,45,32.4,13.2,-51.58,4,11,5,12,1,2,4,8,7,9,5,4,16,5,13,18,12,23,15,28,30,7,2,3,1,8,13,21,11,16,19,22,12,24,17,13,12,13,19,12,9,2,9,13,4,4,32,13,12,20,420,300.0
2014,3,Seattle Seahawks,16,394,6012,1021,5.9,14,7,328,287,454,3250,20,7,6.6,160,525,2762,20,5.3,144,130,1009,24,40.6,6.9,137.18,254,4274,924,4.6,24,11,277,313,507,2970,17,13,5.5,175,380,1304,8,3.4,70,70,613,32,26.9,12.3,40.92,10,9,14,6,3,7,14,30,32,27,24,3,13,29,2,1,1,1,1,32,27,26,5,1,7,1,1,1,1,20,12,1,1,1,1,2,19,3,3,4,3,6,2,3,1,1,17,2,20,4,304,600.0
2015,2,Arizona Cardinals,16,489,6533,1041,6.3,24,11,373,353,562,4616,35,13,7.8,237,452,1917,16,4.2,92,94,758,44,42.5,11.8,148.43,313,5147,982,5.2,33,14,284,343,573,3687,24,19,6.1,177,373,1460,9,3.9,79,130,1202,28,31.7,16.7,34.93,2,1,15,1,19,24,2,19,19,2,4,17,1,2,9,8,7,13,15,3,1,2,3,19,1,7,5,4,8,2,3,4,9,18,8,12,4,10,6,4,6,8,8,7,31,32,12,10,2,10,210,600.0
2015,3,Carolina Panthers,16,500,5871,1060,5.5,19,9,357,300,501,3589,35,10,6.7,197,526,2282,19,4.3,136,103,887,24,42.9,9.6,115.28,308,5167,1058,4.9,39,15,298,390,650,3752,21,24,5.4,198,364,1415,11,3.9,74,99,822,26,26.5,19.4,117.7,1,11,8,14,9,16,4,29,27,24,4,8,10,16,1,2,2,9,1,10,14,26,2,9,5,6,6,24,2,1,2,6,25,32,11,8,1,2,18,3,4,18,8,4,6,7,8,1,1,2,302,600.0
2015,4,Denver Broncos,16,355,5688,1056,5.4,31,8,314,368,606,3970,19,23,6.2,201,411,1718,13,4.2,85,115,1063,28,31.2,15.1,-50.98,296,4530,1033,4.4,27,13,289,344,573,3193,19,14,5.1,162,408,1337,10,3.3,81,104,773,46,26.9,11.9,141.46,19,16,9,19,29,10,19,13,13,14,28,32,19,14,17,17,13,13,21,22,25,22,24,27,27,4,1,19,1,8,6,5,11,18,1,4,14,1,1,13,3,13,1,10,9,4,31,2,14,1,401,600.0
2015,1,Green Bay Packers,16,368,5353,1056,5.1,17,9,317,348,573,3503,31,8,5.7,173,436,1850,8,4.2,100,105,906,44,33.3,8.9,40.61,323,5547,1014,5.5,22,6,300,321,551,3642,20,16,6.1,183,420,1905,13,4.5,96,120,1107,21,31.3,11.5,-9.81,15,23,9,28,5,16,17,20,18,25,11,3,29,27,12,12,22,13,8,15,15,2,20,6,12,12,15,15,17,20,29,8,2,13,6,6,9,10,8,18,21,23,27,16,26,29,1,9,19,13,113,600.0
2015,1,Kansas City Chiefs,16,405,5299,955,5.5,15,8,303,310,473,3255,20,7,6.3,155,436,2044,19,4.7,116,104,878,32,37.9,7.1,41.53,287,5269,1037,5.1,29,7,313,349,607,3698,25,22,5.7,193,383,1571,7,4.1,86,110,941,34,27.3,15.3,105.76,9,27,31,14,2,10,25,28,29,30,26,1,16,28,12,6,2,3,4,12,11,17,9,2,10,3,7,20,6,5,27,13,13,26,9,16,2,4,16,7,8,4,17,11,14,16,23,3,3,3,103,1200.0
2015,2,New England Patriots,16,465,5991,1050,5.7,14,7,348,404,629,4587,36,7,6.9,230,383,1404,14,3.7,87,96,860,31,43.2,5.7,138.04,315,5430,1042,5.2,21,9,303,361,596,3852,24,12,6.0,204,397,1578,8,4.0,77,112,1013,22,28.9,10.5,27.26,3,6,13,7,1,4,5,7,5,5,1,1,7,5,25,30,11,29,20,5,9,18,1,1,3,10,9,21,8,22,18,9,20,21,17,12,20,8,24,10,9,6,12,6,16,25,2,6,23,11,211,600.0
2015,1,Pittsburgh Steelers,16,423,6327,1011,6.3,28,7,331,391,590,4603,26,21,7.4,207,388,1724,16,4.4,91,94,868,33,40.5,13.7,22.98,319,5809,1055,5.5,30,13,327,402,625,4350,29,17,6.5,231,382,1459,6,3.8,71,121,1199,25,32.3,14.3,37.09,4,3,22,1,23,4,12,9,16,3,16,29,2,13,24,16,7,8,17,3,10,15,5,22,17,11,21,23,17,3,6,21,29,27,30,20,7,17,30,6,5,2,6,2,28,31,7,12,7,8,108,2100.0
2015,1,Seattle Seahawks,16,423,6058,1035,5.9,16,8,335,333,489,3790,34,8,7.1,190,500,2268,10,4.5,128,117,1007,17,42.0,8.6,129.31,277,4668,947,4.9,23,9,273,333,548,3364,14,14,5.8,175,362,1304,10,3.6,71,94,795,27,29.3,13.2,59.08,4,4,16,4,3,10,10,25,28,20,6,3,4,24,3,3,18,7,2,23,23,32,4,4,4,1,2,1,2,17,18,2,8,11,2,1,14,5,5,2,1,13,3,2,2,6,10,8,10,5,105,900.0
2016,3,Atlanta Falcons,16,540,6653,995,6.7,11,4,379,374,537,4725,38,7,8.2,239,421,1928,20,4.6,108,104,848,32,52.6,6.3,212.07,406,5939,1059,5.6,22,10,358,422,655,4267,31,12,6.2,232,370,1672,15,4.5,95,113,974,31,39.2,11.4,-34.14,1,2,26,1,1,2,2,12,26,3,2,5,1,2,12,5,3,5,7,13,9,13,1,2,1,27,25,26,21,16,12,29,31,32,28,28,19,13,32,5,17,19,26,20,23,24,16,23,17,25,325,300.0
2016,2,Green Bay Packers,16,432,5900,1029,5.7,17,9,349,403,620,4199,40,8,6.4,222,374,1701,11,4.5,91,100,827,36,43.8,9.1,115.16,388,5823,987,5.9,25,8,329,370,571,4308,32,17,7.1,227,376,1515,11,4.0,80,109,964,22,41.0,13.9,-29.27,4,8,13,10,9,17,7,5,5,7,1,8,17,5,29,20,20,8,18,9,5,9,4,10,2,21,22,4,27,12,21,20,21,16,31,29,6,30,29,6,8,11,13,4,18,23,3,28,7,23,223,300.0
2016,1,Houston Texans,16,279,5035,1071,4.7,24,8,305,347,583,3176,15,16,5.2,173,456,1859,8,4.1,102,87,868,30,31.4,11.4,-102.3,328,4821,950,5.1,17,6,272,319,522,3226,20,11,5.8,157,397,1595,13,4.0,87,114,949,28,31.7,9.1,88.96,28,29,5,31,19,11,23,21,14,29,30,23,30,27,6,8,30,18,9,1,13,16,23,18,31,11,1,1,6,26,26,1,3,3,2,6,21,4,1,12,12,17,13,8,25,20,11,7,26,5,105,900.0
2016,4,New England Patriots,16,441,6180,1056,5.9,11,9,351,368,550,4308,32,2,7.5,203,482,1872,19,3.9,109,93,819,39,42.9,4.9,113.38,250,5223,998,5.2,23,10,294,368,596,3806,21,13,6.0,190,368,1417,6,3.9,81,113,930,23,26.8,11.2,108.15,3,4,7,5,1,17,5,15,23,4,6,1,3,16,3,7,5,24,6,4,4,3,6,1,3,1,8,9,9,14,12,3,17,26,12,9,16,6,13,3,3,1,9,5,23,17,4,1,20,2,402,1500.0
2016,2,Pittsburgh Steelers,16,399,5962,1026,5.8,18,3,336,381,596,4202,33,15,6.8,210,409,1760,13,4.3,97,112,1068,29,38.5,9.9,-22.48,327,5482,997,5.5,23,10,313,381,590,3882,20,13,6.2,184,369,1600,15,4.3,95,109,920,34,34.5,11.9,13.12,10,7,14,7,12,1,12,8,9,5,4,19,8,11,16,14,17,13,14,23,27,18,10,13,13,10,12,8,15,14,12,11,26,23,16,6,16,13,8,4,13,19,18,20,18,14,23,12,15,16,216,300.0
2016,1,Seattle Seahawks,16,354,5715,1012,5.6,18,6,313,368,567,4124,23,12,6.8,203,403,1591,13,3.9,85,117,970,25,37.3,9.7,-11.48,292,5099,1020,5.0,19,8,307,331,537,3612,16,11,6.2,180,441,1487,16,3.4,94,103,925,33,28.3,10.3,69.7,18,12,18,13,12,5,22,15,18,10,18,14,8,16,20,25,17,24,23,26,24,26,13,11,12,3,5,17,3,22,21,10,6,5,8,3,21,13,6,25,7,22,1,17,9,16,20,3,21,8,108,2100.0
2017,1,Atlanta Falcons,16,353,5837,984,5.9,18,6,330,343,530,3990,21,12,7.2,200,430,1847,12,4.3,101,102,918,29,41.2,10.3,-46.05,315,5094,994,5.1,16,8,323,362,553,3429,22,8,5.8,197,402,1665,9,4.1,97,103,880,29,36.0,9.1,127.47,15,8,25,4,9,9,9,16,20,8,21,13,3,8,16,13,16,8,8,13,14,22,6,12,10,8,9,9,11,27,18,21,25,16,12,13,29,10,24,7,9,7,17,21,14,12,12,21,26,9,109,1200.0
2017,2,Jacksonville Jaguars,16,417,5855,1078,5.4,23,10,332,316,527,3593,21,13,6.5,193,527,2262,18,4.3,101,112,936,38,34.7,11.1,-36.01,268,4578,993,4.6,33,12,257,289,509,2718,17,21,4.8,143,429,1860,9,4.3,91,112,1050,23,23.9,15.6,252.15,5,6,1,12,20,20,7,23,21,17,21,17,11,12,1,1,3,8,8,22,18,4,15,15,7,2,2,8,1,2,5,1,1,4,1,3,2,1,1,13,21,7,24,15,25,29,2,1,3,1,201,1500.0
2017,2,Minnesota Vikings,16,382,5710,1055,5.4,14,6,334,357,527,3753,25,8,6.8,196,501,1957,15,3.9,100,100,949,38,38.9,7.6,-54.08,252,4415,956,4.6,19,5,260,324,555,3078,13,14,5.2,168,364,1337,10,3.7,59,105,928,33,27.9,10.1,145.07,10,11,7,12,3,9,6,12,21,11,13,3,9,11,2,7,8,23,10,11,21,4,8,3,12,1,1,4,1,23,30,2,7,19,2,1,13,2,5,3,2,10,5,1,15,20,20,3,22,5,205,600.0
2017,3,New England Patriots,16,458,6307,1070,5.9,12,4,389,389,587,4418,32,8,7.1,232,448,1889,16,4.2,107,95,835,50,49.4,6.9,114.84,296,5856,1022,5.7,18,6,325,367,590,4020,24,12,6.4,204,390,1836,6,4.7,98,111,1035,23,30.2,9.9,12.09,2,1,4,4,2,3,1,1,7,2,3,3,5,2,11,10,6,12,6,7,8,1,1,2,1,5,29,19,29,25,25,24,28,30,30,19,18,21,28,5,20,2,30,22,24,27,2,6,24,30,330,300.0
2017,1,New Orleans Saints,16,448,6259,1000,6.3,18,10,332,386,536,4189,23,8,7.5,201,444,2070,23,4.7,111,105,967,20,44.6,9.1,7.38,326,5384,1002,5.4,25,5,308,329,554,3597,22,20,6.0,172,406,1787,11,4.4,92,108,850,44,33.3,13.6,64.3,4,2,19,1,9,20,7,2,19,5,16,3,1,7,13,5,1,1,3,16,23,32,4,9,3,10,17,13,22,10,30,15,12,17,15,13,3,15,7,9,16,14,27,16,19,7,30,15,7,19,119,600.0
2017,4,Philadelphia Eagles,16,457,5852,1073,5.5,20,11,338,341,564,3737,38,9,6.2,193,473,2115,9,4.5,108,116,962,37,40.3,9.4,21.06,295,4904,976,5.0,31,12,272,363,601,3637,24,19,5.7,177,337,1267,7,3.8,62,101,917,33,27.1,15.4,162.09,3,7,3,9,11,23,4,17,13,13,1,6,13,12,6,3,24,4,5,26,22,6,7,10,2,4,4,6,7,4,5,5,26,31,17,19,4,7,10,1,1,4,6,2,8,18,20,2,4,3,403,600.0
2017,1,Tennessee Titans,16,334,5024,974,5.2,25,8,290,306,496,3191,14,17,6.0,157,443,1833,18,4.1,97,85,785,36,35.1,12.6,-134.32,356,5248,1046,5.0,21,9,323,369,605,3828,27,12,5.9,231,398,1420,5,3.6,68,119,942,24,37.3,10.8,77.51,19,23,29,17,24,15,22,26,28,23,30,26,17,28,14,15,3,16,13,2,5,7,14,24,24,17,13,27,7,17,15,21,29,32,25,24,18,13,32,6,4,1,4,4,29,22,6,26,17,18,118,900.0
2018,1,Dallas Cowboys,16,339,5501,1022,5.4,17,9,322,356,527,3538,22,8,6.1,184,439,1963,13,4.5,113,104,885,25,37.9,10.1,83.04,324,5268,981,5.4,20,11,309,367,542,3755,22,9,6.5,193,400,1513,12,3.8,89,89,681,27,36.5,12.0,-52.66,22,22,11,21,5,17,19,17,21,23,22,5,21,20,10,10,17,13,7,12,11,26,14,10,16,6,7,10,10,17,9,9,20,15,13,9,26,17,13,12,5,12,4,10,2,1,12,18,15,14,114,600.0
2018,1,Indianapolis Colts,16,433,6179,1070,5.8,24,9,371,432,644,4461,39,15,6.7,237,408,1718,13,4.2,96,120,953,38,41.2,13.2,140.47,344,5435,997,5.5,26,11,315,384,542,3805,21,15,6.6,203,417,1630,12,3.9,87,131,1115,25,35.5,14.5,-37.23,5,7,3,12,23,17,6,2,2,6,2,23,10,5,17,20,17,23,16,29,19,6,6,23,8,10,11,15,13,11,9,12,24,15,16,5,11,21,23,16,8,12,6,8,31,30,8,16,8,9,109,1200.0
2018,2,Kansas City Chiefs,16,565,6810,996,6.8,18,6,384,385,583,4955,50,12,8.1,239,387,1855,16,4.8,108,137,1152,37,52.6,10.5,298.14,421,6488,1109,5.9,27,12,419,406,632,4374,30,15,6.4,247,425,2114,19,5.0,129,107,881,43,40.8,14.9,-163.28,1,1,23,1,8,5,3,8,9,3,1,14,1,3,23,16,8,5,9,32,32,8,1,12,1,24,31,31,24,8,5,32,31,32,31,23,11,13,32,17,27,29,31,30,15,14,32,28,5,30,230,300.0
2018,1,Los Angeles Chargers,16,428,5962,945,6.3,19,7,338,348,512,4089,32,12,7.5,213,399,1873,16,4.7,100,113,967,25,42.4,10.0,170.19,329,5339,981,5.4,20,7,311,351,548,3646,23,13,6.2,178,395,1693,11,4.3,101,103,828,32,33.7,11.8,-38.61,7,11,28,3,13,11,13,19,24,10,8,14,4,9,19,15,8,8,13,21,23,26,5,9,5,8,9,10,10,17,21,10,13,18,9,12,16,10,5,11,9,7,13,16,13,9,18,9,16,10,110,300.0
2018,3,Los Angeles Rams,16,527,6738,1060,6.4,19,7,401,368,568,4507,32,12,7.5,236,459,2231,23,4.9,134,96,878,31,48.6,9.8,239.79,384,5737,960,6.0,30,12,322,347,533,3780,31,18,6.6,185,386,1957,12,5.1,101,99,852,36,38.2,16.9,-74.04,2,2,4,2,13,11,1,15,14,5,8,14,4,6,8,3,2,3,2,7,10,14,3,8,2,20,19,4,27,3,5,17,12,10,14,25,3,21,8,10,23,12,32,16,9,12,23,22,2,17,317,300.0
2018,4,New England Patriots,16,436,6295,1073,5.9,18,7,365,378,574,4258,29,11,7.2,206,478,2037,18,4.3,131,93,744,28,40.8,9.2,190.96,325,5746,1002,5.7,28,10,322,370,605,3943,29,18,6.2,208,367,1803,7,4.9,93,91,838,21,32.6,15.0,-32.66,4,5,2,8,8,11,8,12,12,8,12,10,6,14,3,5,4,18,5,4,2,19,7,4,4,7,21,18,19,6,12,17,22,28,22,20,3,10,25,6,11,2,28,13,3,11,3,4,4,8,408,600.0
2018,2,New Orleans Saints,16,504,6067,1010,6.0,16,9,377,381,519,4042,33,7,7.5,210,471,2025,26,4.3,134,94,939,33,51.8,9.5,237.73,353,5585,978,5.7,24,12,333,384,573,4302,30,12,6.9,224,356,1283,12,3.6,72,85,814,37,36.0,14.6,-83.8,3,8,17,7,3,17,5,11,23,12,7,3,4,11,5,7,1,18,2,5,15,10,2,5,3,14,14,9,19,13,5,22,24,22,29,23,20,27,30,4,2,12,2,3,1,7,26,17,6,18,218,900.0
2018,1,Philadelphia Eagles,16,367,5845,1037,5.6,23,12,346,422,599,4275,29,11,6.7,221,398,1570,12,3.9,94,100,852,31,38.1,12.5,91.97,348,5859,1002,5.8,17,7,308,417,626,4308,22,10,6.4,215,332,1551,14,4.7,71,115,995,22,38.6,9.1,-90.19,18,14,8,16,20,29,11,5,7,7,12,10,10,7,20,28,21,30,18,9,8,14,13,21,14,12,23,18,23,24,21,8,32,30,30,9,25,13,27,1,7,19,22,2,23,24,4,23,25,21,121,300.0
2019,2,Green Bay Packers,16,376,5528,1020,5.4,13,9,320,356,573,3733,26,4,6.1,190,411,1795,18,4.4,90,100,774,40,37.3,6.8,113.4,313,5642,998,5.7,25,8,310,326,546,3721,19,17,6.3,191,411,1921,15,4.7,99,97,968,20,34.3,14.0,-59.65,15,18,14,18,2,16,16,16,16,17,14,1,17,17,13,15,8,14,18,9,5,6,12,2,8,9,18,10,20,7,22,11,7,15,14,6,3,16,15,14,23,23,25,18,7,23,1,12,7,18,218,900.0
2019,1,Houston Texans,16,378,5792,1017,5.7,22,8,346,355,534,3783,27,14,6.5,203,434,2009,17,4.6,112,111,892,31,37.9,12.4,118.67,385,6213,1020,6.1,22,10,346,375,586,4276,33,12,6.9,220,403,1937,12,4.8,98,109,859,28,38.8,12.9,-155.87,14,13,17,12,18,12,9,18,20,15,12,20,13,11,12,9,11,9,6,20,14,19,10,22,6,19,28,18,31,15,11,26,25,25,29,28,19,25,28,10,25,11,27,17,16,12,7,21,10,29,129,600.0
2019,4,Kansas City Chiefs,16,451,6067,976,6.2,15,10,350,378,576,4498,30,5,7.5,211,375,1569,16,4.2,93,107,1029,46,48.8,7.9,263.38,308,5594,1043,5.4,23,7,344,352,582,3543,21,16,5.7,190,416,2051,14,4.9,115,116,844,39,34.1,13.4,-56.69,5,6,25,2,4,20,6,9,15,5,6,2,2,9,27,23,13,20,15,15,26,1,2,4,1,7,17,23,14,12,25,23,18,23,8,9,5,5,13,17,26,18,28,28,25,10,27,11,9,17,417,300.0
2019,1,Minnesota Vikings,16,407,5656,970,5.8,20,12,314,319,466,3523,26,8,7.1,171,476,2133,19,4.5,106,96,895,37,41.6,10.4,98.01,303,5465,1053,5.2,31,14,324,394,601,3737,23,17,5.8,215,404,1728,8,4.3,78,83,713,31,34.7,17.3,-3.88,8,16,27,10,14,26,21,24,30,23,14,7,6,25,4,6,6,11,10,7,16,9,6,14,9,5,14,24,10,4,5,14,29,28,15,14,3,7,27,11,13,3,18,7,1,1,15,13,2,9,109,1200.0
2019,3,San Francisco 49ers,16,479,6097,1012,6.0,23,10,336,331,478,3792,28,13,7.4,195,498,2305,23,4.6,110,105,939,31,44.3,12.0,140.39,310,4509,968,4.7,27,15,285,318,519,2707,23,12,4.8,150,401,1802,11,4.5,105,116,957,30,28.8,14.1,84.41,2,4,19,5,20,20,14,22,29,13,10,18,3,14,2,2,1,9,7,13,22,19,5,20,5,8,2,6,2,6,4,3,5,6,1,14,19,1,1,9,17,7,22,23,25,19,11,3,6,3,303,600.0
2019,1,Seattle Seahawks,16,405,5991,1046,5.7,20,14,341,341,517,3791,31,6,6.7,190,481,2200,15,4.6,121,109,882,30,36.5,10.6,86.55,398,6106,1014,6.0,32,16,346,383,598,4223,19,16,6.7,224,388,1883,22,4.9,97,96,798,25,36.9,16.2,-83.02,9,8,10,12,14,29,11,21,23,14,4,3,12,17,3,4,16,9,3,17,13,22,13,15,11,22,26,14,28,3,2,26,27,26,27,6,5,23,30,7,22,30,28,16,6,5,4,19,4,19,119,600.0
2019,2,Tennessee Titans,16,402,5805,949,6.1,17,9,317,297,448,3582,29,8,7.1,177,445,2223,21,5.0,104,99,932,36,31.4,8.6,115.88,331,5752,1056,5.4,23,9,335,386,598,4080,25,14,6.4,213,415,1672,14,4.0,95,125,1025,27,31.7,11.6,-49.2,10,12,30,3,7,16,17,31,31,21,8,7,6,23,10,3,2,2,12,8,20,10,24,6,7,12,21,26,14,12,17,20,28,26,24,18,9,19,25,16,12,18,7,14,31,26,5,6,16,15,215,600.0
2020,1,Baltimore Ravens,16,468,5810,993,5.9,18,7,327,257,406,2739,27,11,6.3,142,555,3071,24,5.5,166,104,961,19,45.3,10.6,148.3,303,5276,1017,5.2,22,12,347,380,596,3536,22,10,5.6,213,382,1740,12,4.6,96,77,646,38,30.0,12.4,-17.69,7,19,25,9,11,12,24,32,32,32,15,12,20,32,1,1,3,1,1,28,30,32,8,13,10,2,7,11,7,13,3,16,24,27,6,6,25,4,22,3,8,5,24,6,3,4,27,3,11,5,105,900.0
2020,2,Buffalo Bills,16,501,6343,1034,6.1,22,11,397,410,596,4620,40,11,7.4,240,411,1723,16,4.2,119,102,941,38,49.4,11.8,228.66,375,5640,1025,5.5,26,11,351,369,573,3726,23,15,6.1,199,414,1914,21,4.6,125,86,728,27,39.4,15.3,-123.1,2,2,15,6,21,26,1,5,11,3,4,12,3,3,18,20,16,21,11,27,28,4,2,18,5,16,14,17,14,3,5,17,17,22,13,10,9,9,13,12,17,27,24,25,14,13,13,15,2,19,219,300.0
2020,1,Cleveland Browns,16,408,5913,1022,5.8,16,8,355,315,501,3539,27,8,6.7,195,495,2374,21,4.8,133,100,870,27,40.6,9.7,159.48,419,5735,1035,5.5,21,10,352,371,585,3962,31,11,6.4,214,412,1773,16,4.3,116,84,690,22,43.0,12.7,-150.42,14,16,20,12,5,16,15,29,28,24,15,5,11,24,4,3,5,6,7,25,25,24,14,9,8,21,17,19,14,19,9,18,21,25,22,25,20,17,23,10,9,15,12,22,10,7,3,20,10,25,125,300.0
2020,2,Green Bay Packers,16,509,6224,990,6.3,11,6,358,372,526,4106,48,5,7.5,216,443,2118,16,4.8,114,84,684,28,49.7,5.6,290.75,369,5344,974,5.5,18,7,332,346,536,3539,23,11,6.1,184,397,1805,16,4.5,119,79,734,29,39.9,11.4,-109.67,1,5,28,2,1,9,13,17,24,9,1,1,2,11,12,8,16,6,13,12,10,22,1,1,1,13,9,1,14,25,22,10,10,7,7,10,20,9,6,8,13,15,18,24,6,15,15,16,19,17,217,300.0
2020,3,Kansas City Chiefs,16,473,6653,1057,6.3,16,9,397,420,630,4854,40,7,7.4,255,403,1799,13,4.5,110,105,919,32,47.9,9.2,280.82,362,5733,1022,5.6,22,6,353,349,557,3779,29,16,6.4,202,433,1954,14,4.5,113,97,760,38,36.1,13.0,-127.89,6,1,7,2,5,20,1,2,3,1,4,3,3,1,23,16,24,11,17,29,27,16,4,8,2,10,16,14,19,13,26,19,12,17,14,21,5,17,15,19,21,11,18,17,24,17,27,9,9,21,321,600.0
2020,1,Los Angeles Rams,16,372,6032,1088,5.5,25,11,352,392,590,4014,20,14,6.5,206,473,2018,19,4.3,123,71,655,23,34.2,12.5,57.24,296,4511,989,4.6,22,8,280,347,548,3051,17,14,5.1,170,388,1460,12,3.8,91,78,582,19,27.9,12.0,85.89,22,11,3,18,25,26,16,9,12,13,26,24,17,17,7,10,11,16,9,2,6,29,25,21,22,1,1,3,1,13,17,1,11,15,1,1,12,1,3,4,3,5,3,3,4,2,1,1,17,1,101,600.0
2020,1,New Orleans Saints,16,482,6023,1045,5.8,17,9,367,370,522,3758,28,8,6.8,199,494,2265,30,4.6,147,98,1005,21,45.5,9.0,176.94,337,4974,992,5.0,26,8,320,333,557,3472,28,18,5.8,185,390,1502,11,3.9,85,64,517,50,34.7,13.1,-40.02,5,12,10,12,7,20,8,21,25,19,11,5,10,23,5,6,1,10,2,23,31,30,7,7,6,5,4,4,4,3,17,6,4,17,5,17,2,5,7,5,4,2,4,2,1,1,32,7,8,8,108,2100.0
2020,4,Tampa Bay Buccaneers,16,492,6145,1017,6.0,17,5,364,410,626,4626,42,12,7.1,238,369,1519,16,4.1,82,84,715,44,47.8,8.9,246.24,355,5234,1023,5.1,25,10,319,426,617,3945,29,15,5.9,215,358,1289,10,3.6,78,95,1015,26,33.7,14.0,-22.04,3,7,23,7,7,4,10,5,6,2,2,16,8,4,29,28,16,25,30,12,14,2,6,6,3,8,6,16,6,5,9,5,31,29,21,21,9,7,24,1,1,1,1,1,22,31,10,6,4,6,406,600.0
2021,3,Cincinnati Bengals,17,460,6145,1046,5.9,21,7,337,384,555,4403,36,14,7.2,208,436,1742,16,4.0,96,72,620,33,42.6,10.0,118.5,376,5964,1075,5.5,21,8,339,420,626,4222,26,13,6.3,213,407,1742,15,4.3,107,116,946,19,33.9,11.1,-45.38,7,13,25,6,12,11,18,15,20,7,7,17,3,11,19,23,15,24,24,2,1,11,12,12,12,17,18,17,20,17,15,15,30,28,26,14,17,21,21,5,5,15,15,11,27,25,1,7,17,12,312,600.0
2021,2,Kansas City Chiefs,17,480,6746,1134,5.9,25,12,419,448,675,4791,37,13,6.8,267,431,1955,16,4.5,119,111,925,33,48.2,13.7,261.77,364,6272,1060,5.9,29,14,363,401,610,4273,27,15,6.7,209,419,1999,15,4.8,121,116,911,33,37.3,16.0,-131.68,4,3,5,6,23,31,1,2,2,4,6,12,9,2,20,16,15,8,12,24,22,11,1,26,1,8,27,13,29,5,2,24,25,23,27,17,12,26,19,6,21,15,31,22,27,22,17,18,4,26,226,300.0
2021,4,Los Angeles Rams,17,460,6325,1058,6.0,23,5,355,406,607,4642,41,18,7.3,233,420,1683,10,4.0,99,76,637,23,45.9,12.2,161.53,372,5863,1118,5.2,25,6,347,416,625,4109,17,19,6.1,214,443,1754,18,4.0,111,88,688,22,35.9,13.3,-17.07,7,9,18,3,18,2,12,9,10,5,2,27,2,7,23,25,29,24,23,3,2,31,3,17,6,15,17,28,8,11,28,19,29,27,22,2,4,14,24,17,6,24,6,16,4,2,5,13,9,8,408,600.0
2021,2,San Francisco 49ers,17,427,6387,1046,6.1,24,10,361,343,514,4221,26,14,7.7,200,499,2166,22,4.3,130,102,1066,31,41.2,11.5,130.03,365,5270,1032,5.1,20,11,318,372,545,3510,25,9,5.9,180,439,1760,17,4.0,97,94,793,41,34.4,9.3,-52.77,13,7,25,1,21,24,11,26,29,12,14,17,1,15,5,7,5,17,8,13,30,17,13,15,8,9,3,5,4,19,6,6,14,7,6,12,27,8,5,14,7,21,6,5,11,7,32,9,24,14,214,900.0
2021,1,Tampa Bay Buccaneers,17,511,6901,1139,6.1,19,7,404,492,731,5229,43,12,6.9,273,385,1672,18,4.3,106,97,874,25,44.3,9.8,216.14,353,5635,1093,5.2,29,12,344,445,680,4062,26,17,5.6,214,366,1573,11,4.3,94,79,635,36,33.5,14.7,-0.6,2,2,4,1,8,11,2,1,1,1,1,10,6,1,31,26,10,17,19,10,20,30,8,10,3,5,13,22,8,5,4,17,32,32,21,14,8,3,24,1,3,5,15,4,1,1,24,6,6,4,104,600.0
2022,1,Buffalo Bills,16,455,6361,1037,6.1,27,13,367,361,574,4129,35,14,6.8,212,430,2232,15,5.2,128,92,709,27,45.0,15.2,157.46,286,5106,997,5.1,27,10,313,362,570,3433,21,17,5.6,181,387,1673,10,4.3,103,89,754,29,31.0,14.3,4.46,4,4,23,2,30,30,5,14,14,8,2,19,6,8,20,9,16,2,10,16,10,18,2,31,5,2,1,3,8,5,13,5,16,19,9,9,5,5,10,1,4,6,12,10,9,12,20,3,5,8,108,2100.0
2022,2,Cincinnati Bengals,16,418,5768,1053,5.5,18,6,357,418,610,4240,35,12,6.5,221,399,1528,14,3.8,96,81,623,40,41.5,9.7,147.62,322,5371,996,5.4,24,11,295,329,559,3665,17,13,6.2,173,407,1706,12,4.2,102,100,832,20,36.4,13.1,-20.02,8,15,17,12,4,4,6,6,7,7,2,12,8,6,29,29,19,29,24,4,2,2,6,7,6,5,7,2,17,12,6,3,7,15,16,3,18,18,6,5,5,11,8,8,25,24,2,18,9,9,209,1200.0
2022,1,Dallas Cowboys,17,467,6034,1114,5.4,23,5,347,355,556,3736,28,18,6.4,194,531,2298,24,4.3,129,104,842,24,41.5,10.8,112.34,342,5613,1101,5.1,33,17,327,345,550,3415,23,16,5.7,174,497,2198,9,4.4,119,98,851,34,33.5,16.2,31.77,3,10,8,15,21,2,11,18,19,14,9,30,9,12,6,8,2,20,8,24,23,24,6,13,7,6,13,27,8,1,1,15,11,11,8,15,8,8,7,27,22,3,16,18,22,27,27,8,1,4,104,600.0
2022,1,Jacksonville Jaguars,17,404,6075,1072,5.7,22,13,352,394,596,3959,25,9,6.3,208,448,2116,16,4.7,114,90,674,30,39.2,12.2,103.21,350,6006,1106,5.4,27,13,350,385,601,4055,25,14,6.4,211,470,1951,14,4.2,114,90,683,25,36.1,14.4,-52.27,10,9,16,8,15,30,8,9,9,10,14,4,11,9,16,14,12,9,16,13,6,9,11,24,8,12,24,29,17,5,2,24,23,27,28,20,14,23,29,20,12,15,8,15,11,3,9,17,4,18,118,900.0
2022,4,Kansas City Chiefs,17,496,7032,1094,6.4,23,11,408,435,651,5062,41,12,7.5,272,417,1970,18,4.7,105,87,838,31,46.4,10.1,261.8,369,5579,1093,5.1,20,9,337,408,619,3756,33,11,5.6,207,419,1823,10,4.4,102,98,734,28,35.9,10.3,-49.5,1,1,11,1,21,25,1,4,5,1,1,12,1,1,24,20,8,9,19,7,20,7,1,8,1,16,12,24,8,22,19,19,28,30,19,32,22,5,27,6,8,6,16,8,22,11,17,14,21,14,414,300.0
2022,1,New York Giants,17,365,5676,1089,5.2,16,10,352,346,520,3157,17,6,5.5,170,520,2519,21,4.8,150,106,827,32,37.3,7.3,78.05,371,6089,1078,5.6,19,13,370,349,568,3638,21,6,6.0,200,469,2451,16,5.2,134,111,819,36,39.8,8.8,-125.22,15,18,13,22,2,21,8,22,25,26,25,1,27,24,8,4,4,6,4,26,19,5,15,1,11,17,25,18,24,25,2,30,13,18,15,9,31,13,22,19,27,20,30,28,30,23,30,25,26,29,129,600.0
2022,3,Philadelphia Eagles,17,477,6614,1124,5.9,19,10,385,350,536,4105,25,9,7.1,195,544,2509,32,4.6,161,90,682,29,42.5,10.2,210.87,344,5125,1072,4.8,27,10,325,350,556,3057,22,17,4.9,186,446,2068,15,4.6,115,95,798,24,32.4,15.1,39.93,2,2,5,5,6,21,2,20,23,9,14,4,3,11,3,5,1,13,2,13,8,12,4,9,2,8,3,12,1,5,13,14,14,13,1,12,5,1,13,12,16,18,24,16,16,17,7,6,3,3,303,600.0
2022,2,San Francisco 49ers,17,450,6216,1047,5.9,17,8,347,338,512,3856,30,9,7.1,188,504,2360,20,4.7,132,94,730,27,41.4,9.1,161.29,277,5110,1026,5.0,30,10,291,389,593,3789,20,20,5.9,188,389,1321,11,3.4,77,96,832,26,25.7,15.3,56.26,6,5,21,5,3,10,11,25,26,13,5,4,3,18,9,7,5,9,7,18,12,18,8,3,4,1,2,7,4,2,13,2,24,24,21,6,1,11,15,2,2,8,1,1,18,24,12,1,2,1,201,1500.0
